{
  "name": "angular-audio",
  "version": "1.7.4",
  "description": "Total awesomeness for playing sounds in AngularJS",
  "license": "MIT",
  "main": "app/angular.audio.js",
  "homepage": "http://danielstern.github.io/ngAudio/",
  "repository": {
    "type": "git",
    "url": "git://github.com/danielstern/ngAudio.git"
  },
  "ignore": [
    "app/audio/*.*"
  ],
  "dependencies": {
    "angular": ">=1.2 < 1.7"
  },
  "devDependencies": {
    "jquery": "~2.1.4",
    "ui-router": "~0.2.15",
    "bootstrap": "~3.3.5"
  },
  "_release": "1.7.4",
  "_resolution": {
    "type": "version",
    "tag": "1.7.4",
    "commit": "1e681ddde525c2827d2c0f3a5f88a2a62d07d97d"
  },
  "_source": "https://github.com/danielstern/ngAudio.git",
  "_target": "^1.7.3",
  "_originalSource": "angular-audio"
}